type,name,template,status,elapsed,host_status,failed_tasks,timestamp
job,patch-webservers-001,patch-webservers,successful,245,,0,2024-06-15T08:00:00Z
job,patch-webservers-002,patch-webservers,successful,230,,0,2024-06-15T08:15:00Z
job,deploy-app-001,deploy-application,successful,180,,0,2024-06-15T08:30:00Z
job,deploy-app-002,deploy-application,successful,195,,0,2024-06-15T08:45:00Z
job,backup-db-001,database-backup,successful,520,,0,2024-06-15T09:00:00Z
job,security-scan-001,security-compliance,successful,340,,0,2024-06-15T09:15:00Z
job,cert-renewal-001,certificate-renewal,successful,120,,0,2024-06-15T09:30:00Z
job,user-provision-001,user-provisioning,successful,90,,0,2024-06-15T09:45:00Z
job,network-config-001,network-config,successful,150,,0,2024-06-15T10:00:00Z
job,monitoring-setup-001,monitoring-agents,successful,200,,0,2024-06-15T10:15:00Z
job,patch-webservers-003,patch-webservers,successful,240,,0,2024-06-15T10:30:00Z
job,deploy-app-003,deploy-application,successful,175,,0,2024-06-15T10:45:00Z
job,backup-db-002,database-backup,successful,530,,0,2024-06-15T11:00:00Z
job,security-scan-002,security-compliance,successful,350,,0,2024-06-15T11:15:00Z
job,cert-renewal-002,certificate-renewal,successful,115,,0,2024-06-15T11:30:00Z
job,user-provision-002,user-provisioning,successful,85,,0,2024-06-15T11:45:00Z
job,network-config-002,network-config,successful,145,,0,2024-06-15T12:00:00Z
job,monitoring-setup-002,monitoring-agents,successful,210,,0,2024-06-15T12:15:00Z
job,deploy-app-004,deploy-application,successful,185,,0,2024-06-15T12:30:00Z
job,patch-webservers-004,patch-webservers,successful,235,,0,2024-06-15T12:45:00Z
job,backup-db-003,database-backup,successful,525,,0,2024-06-15T13:00:00Z
job,deploy-app-005,deploy-application,successful,190,,0,2024-06-15T13:15:00Z
job,security-scan-003,security-compliance,successful,345,,0,2024-06-15T13:30:00Z
job,user-provision-003,user-provisioning,successful,95,,0,2024-06-15T13:45:00Z
job,network-config-003,network-config,successful,155,,0,2024-06-15T14:00:00Z
job,patch-webservers-005,patch-webservers,successful,250,,0,2024-06-15T14:15:00Z
job,deploy-app-006,deploy-application,successful,180,,0,2024-06-15T14:30:00Z
job,monitoring-setup-003,monitoring-agents,successful,215,,0,2024-06-15T14:45:00Z
job,cert-renewal-003,certificate-renewal,successful,110,,0,2024-06-15T15:00:00Z
job,backup-db-004,database-backup,successful,535,,0,2024-06-15T15:15:00Z
job,deploy-app-007,deploy-application,successful,175,,0,2024-06-15T15:30:00Z
job,patch-webservers-006,patch-webservers,successful,240,,0,2024-06-15T15:45:00Z
job,security-scan-004,security-compliance,successful,340,,0,2024-06-15T16:00:00Z
job,network-config-004,network-config,successful,150,,0,2024-06-15T16:15:00Z
job,user-provision-004,user-provisioning,successful,88,,0,2024-06-15T16:30:00Z
job,deploy-app-008,deploy-application,successful,192,,0,2024-06-15T16:45:00Z
job,monitoring-setup-004,monitoring-agents,successful,205,,0,2024-06-15T17:00:00Z
job,patch-webservers-007,patch-webservers,successful,238,,0,2024-06-15T17:15:00Z
job,backup-db-005,database-backup,successful,528,,0,2024-06-15T17:30:00Z
job,deploy-app-009,deploy-application,successful,188,,0,2024-06-15T17:45:00Z
job,cert-renewal-004,certificate-renewal,successful,118,,0,2024-06-15T18:00:00Z
job,security-scan-005,security-compliance,successful,338,,0,2024-06-15T18:15:00Z
job,user-provision-005,user-provisioning,successful,92,,0,2024-06-15T18:30:00Z
job,network-config-005,network-config,successful,148,,0,2024-06-15T18:45:00Z
job,deploy-app-010,deploy-application,successful,182,,0,2024-06-15T19:00:00Z
job,patch-webservers-008,patch-webservers,successful,242,,0,2024-06-15T19:15:00Z
job,monitoring-setup-005,monitoring-agents,successful,208,,0,2024-06-15T19:30:00Z
job,backup-db-006,database-backup,successful,532,,0,2024-06-15T19:45:00Z
job,deploy-app-011,deploy-application,successful,186,,0,2024-06-15T20:00:00Z
job,cert-renewal-005,certificate-renewal,successful,112,,0,2024-06-15T20:15:00Z
job,security-scan-006,security-compliance,successful,342,,0,2024-06-15T20:30:00Z
job,network-config-006,network-config,successful,152,,0,2024-06-15T20:45:00Z
job,user-provision-006,user-provisioning,successful,90,,0,2024-06-15T21:00:00Z
job,deploy-app-012,deploy-application,successful,178,,0,2024-06-15T21:15:00Z
job,patch-webservers-009,patch-webservers,successful,245,,0,2024-06-15T21:30:00Z
job,monitoring-setup-006,monitoring-agents,successful,212,,0,2024-06-15T21:45:00Z
job,backup-db-007,database-backup,successful,525,,0,2024-06-15T22:00:00Z
job,deploy-app-013,deploy-application,successful,190,,0,2024-06-15T22:15:00Z
job,cert-renewal-006,certificate-renewal,successful,115,,0,2024-06-15T22:30:00Z
job,security-scan-007,security-compliance,successful,348,,0,2024-06-15T22:45:00Z
job,deploy-app-014,deploy-application,failed,420,,3,2024-06-15T09:30:00Z
job,deploy-app-015,deploy-application,failed,380,,2,2024-06-15T11:00:00Z
job,patch-webservers-010,patch-webservers,failed,290,,1,2024-06-15T13:30:00Z
job,network-config-007,network-config,failed,180,,4,2024-06-15T15:00:00Z
job,security-scan-008,security-compliance,failed,400,,2,2024-06-15T16:30:00Z
job,deploy-app-016,deploy-application,failed,350,,3,2024-06-15T18:00:00Z
job,backup-db-008,database-backup,failed,600,,1,2024-06-15T19:30:00Z
job,monitoring-setup-007,monitoring-agents,failed,280,,2,2024-06-15T20:45:00Z
job,cert-renewal-007,certificate-renewal,failed,150,,1,2024-06-15T21:30:00Z
job,user-provision-007,user-provisioning,failed,95,,2,2024-06-15T22:00:00Z
job,backup-db-009,database-backup,timeout,3700,,0,2024-06-15T10:00:00Z
job,security-scan-009,security-compliance,timeout,3650,,0,2024-06-15T14:00:00Z
job,deploy-app-017,deploy-application,timeout,3800,,0,2024-06-15T17:00:00Z
job,network-config-008,network-config,timeout,3900,,0,2024-06-15T20:00:00Z
job,monitoring-setup-008,monitoring-agents,timeout,3750,,0,2024-06-15T22:30:00Z
job,patch-webservers-011,patch-webservers,failed,300,unreachable,0,2024-06-15T09:00:00Z
job,deploy-app-018,deploy-application,failed,250,unreachable,0,2024-06-15T12:00:00Z
job,backup-db-010,database-backup,failed,400,unreachable,0,2024-06-15T15:30:00Z
job,security-scan-010,security-compliance,failed,320,unreachable,0,2024-06-15T18:30:00Z
job,cert-renewal-008,certificate-renewal,failed,130,unreachable,0,2024-06-15T21:00:00Z
